step,timestamp,grid_x,grid_y,x_m,y_m,heading,tof_mm
25,1790816103.1,6,1,3.3,0.3,SOUTH,9999
26,1790816124.79,5,1,2.7,0.3,WEST,193.0
27,1790816143.41,5,2,2.7,0.9,NORTH,269.0
28,1790816147.15,5,3,2.7,1.5,NORTH,9999
29,1790816160.41,5,4,2.7,2.1,NORTH,134.0
30,1790816179.35,6,4,3.3,2.1,EAST,191.0
31,1790816198.22,6,5,3.3,2.7,NORTH,159.0
32,1790816219.09,6,6,3.3,3.3,NORTH,176.0
33,1790816239.51,5,6,2.7,3.3,WEST,379.0
34,1790816254.82,4,6,2.1,3.3,WEST,393.0
35,1790816270.15,3,6,1.5,3.3,WEST,200.0
36,1790816278.78,3,5,1.5,2.7,SOUTH,9999
37,1790816291.06,3,4,1.5,2.1,SOUTH,201.0
38,1790816303.55,2,4,0.9,2.1,WEST,835.0
39,1790816328.48,2,3,0.9,1.5,SOUTH,63.0
40,1790816338.45,2,4,0.9,2.1,NORTH,9999
41,1790816350.16,1,4,0.3,2.1,WEST,188.0
42,1790816359.45,1,3,0.3,1.5,SOUTH,9999
43,1790816368.62,1,2,0.3,0.9,SOUTH,217.0
44,1790816386.94,2,2,0.9,0.9,EAST,86.0
45,1790816391.51,3,2,1.5,0.9,EAST,9999
46,1790816399.23,4,2,2.1,0.9,EAST,168.0
47,1790816408.01,4,3,2.1,1.5,NORTH,9999
48,1790816413.66,4,4,2.1,2.1,NORTH,9999
49,1790816417.47,4,5,2.1,2.7,NORTH,9999
50,1790816426.22,4,6,2.1,3.3,NORTH,322.6
51,1790816434.78,5,6,2.7,3.3,EAST,9999
